year,category,name_of_work,staff_members
1972,DOCUMENTARY (Feature),Marjoe,"Howard Smith and Sarah Kernochan, Producers"
1972,DOCUMENTARY (Short Subject),This Tiny World,"Charles Huguenot van der Linden and Martina Huguenot van der Linden, Producers"
1972,MUSIC (Song--Original for the Picture),"""Come Follow, Follow Me"" from The Little Ark",Music by Fred Karlin; Lyrics by Marsha Karlin
1972,MUSIC (Song--Original for the Picture),"""Marmalade, Molasses & Honey"" from The Life and Times of Judge Roy Bean",Music by Maurice Jarre; Lyrics by Marilyn Bergman and Alan Bergman
1972,WRITING (Screenplay--based on material from another medium),Cabaret,Jay Allen
1972,WRITING (Story and Screenplay--based on factual material or material not previously published or produced),Lady Sings the Blues,"Terence McCloy, Chris Clark, Suzanne de Passe"
1973,DOCUMENTARY (Feature),Walls of Fire,"Gertrude Ross Marks and Edmund F. Penney, Producers"
1973,DOCUMENTARY (Short Subject),Four Stones for Kanemitsu,"Terry Sanders and June Wayne, Producers"
1973,MUSIC (Song),"""Live And Let Die"" from Live and Let Die",Music and Lyrics by Paul McCartney and Linda McCartney
1973,MUSIC (Song),"""The Way We Were"" from The Way We Were",Music by Marvin Hamlisch; Lyrics by Alan Bergman and Marilyn Bergman
1973,BEST PICTURE,The Sting,"Tony Bill, Michael Phillips and Julia Phillips, Producers"
1973,WRITING (Story and Screenplay--based on factual material or material not previously published or produced),American Graffiti,"George Lucas, Gloria Katz, Willard Huyck"
1974,DOCUMENTARY (Feature),Antonia: A Portrait of the Woman,"Judy Collins and Jill Godmilow, Producers"
1974,DOCUMENTARY (Feature),The Wild and the Brave,"Natalie R. Jones and Eugene S. Jones, Producers"
1974,DOCUMENTARY (Short Subject),John Muir's High Sierra,"Dewitt Jones and Lesley Foster, Producers"
1974,MUSIC (Scoring: Original Song Score and Adaptation -or- Scoring: Adaptation),The Little Prince,Song Score by Alan Jay Lerner and Frederick Loewe; Adaptation Score by Angela Morley and Douglas Gamley
1974,MUSIC (Song),"""Benji's Theme (I Feel Love)"" from Benji",Music by Euel Box; Lyrics by Betty Box
1974,SHORT FILM (Animated),Voyage to Next,"Faith Hubley and John Hubley, Producers"
1974,SHORT FILM (Live Action),The Concert,"Julian Chagrin and Claude Chagrin, Producers"
1974,WRITING (Original Screenplay),Day for Night,"Francois Truffaut, Jean-Louis Richard, Suzanne Schiffman"
1975,DOCUMENTARY (Feature),The Other Half of the Sky: A China Memoir,"Shirley MacLaine, Producer"
1975,DOCUMENTARY (Short Subject),Arthur and Lillie,"Jon Else, Steven Kovacs and Kristine Samuelson, Producers"
1975,DOCUMENTARY (Short Subject),The End of the Game,"Claire Wilbur and Robin Lehman, Producers"
1975,WRITING (Screenplay Adapted from Other Material),The Man Who Would Be King,"John Huston, Gladys Hill"
1976,DIRECTING,Seven Beauties,Lina Wertmüller
1976,DOCUMENTARY (Feature),"Harlan County, U.S.A.","Barbara Kopple, Producer"
1976,DOCUMENTARY (Short Subject),Number Our Days,"Lynne Littman, Producer"
1976,MUSIC (Original Song),"""Evergreen (Love Theme From A Star Is Born)"" from A Star Is Born",Music by Barbra Streisand; Lyrics by Paul Williams
1976,MUSIC (Original Song),"""Gonna Fly Now"" from Rocky",Music by Bill Conti; Lyrics by Carol Connors and Ayn Robbins
1976,BEST PICTURE,Taxi Driver,"Michael Phillips and Julia Phillips, Producers"
1976,SHORT FILM (Animated),Leisure,"Suzanne Baker, Producer"
1976,SHORT FILM (Animated),The Street,"Caroline Leaf and Guy Glover, Producers"
1976,SHORT FILM (Live Action),Kudzu,"Marjorie Anne Short, Producer"
1976,SHORT FILM (Live Action),The Morning Spider,"Julian Chagrin and Claude Chagrin, Producers"
1976,SHORT FILM (Live Action),Nightlife,"Claire Wilbur and Robin Lehman, Producers"
1976,SHORT FILM (Live Action),Number One,"Dyan Cannon and Vince Cannon, Producers"
1976,WRITING (Screenplay Written Directly for the Screen--based on factual material or on story material not previously published or produced),"Cousin, Cousine",Story and Screenplay by Jean-Charles Tacchella; Adaptation by Daniele Thompson
1976,WRITING (Screenplay Written Directly for the Screen--based on factual material or on story material not previously published or produced),Seven Beauties,Lina Wertmüller
1977,DOCUMENTARY (Feature),Union Maids,"James Klein, Julia Reichert and Miles Mogulescu, Producers"
1977,DOCUMENTARY (Short Subject),First Edition,"Helen Whitney and DeWitt L. Sage, Jr., Producers"
1977,MUSIC (Original Song Score and Its Adaptation or Adaptation Score),The Slipper and the Rose--The Story of Cinderella,Song Score by Richard M. Sherman and Robert B. Sherman; Adaptation Score by Angela Morley
1977,MUSIC (Original Song),"""Nobody Does It Better"" from The Spy Who Loved Me",Music by Marvin Hamlisch; Lyrics by Carole Bayer Sager
1977,MUSIC (Original Song),"""Someone's Waiting For You"" from The Rescuers",Music by Sammy Fain; Lyrics by Carol Connors and Ayn Robbins
1977,SHORT FILM (Animated),The Doonesbury Special,"John Hubley, Faith Hubley and Garry Trudeau, Producers"
1977,SHORT FILM (Live Action),I'll Find a Way,"Beverly Shaffer and Yuki Yoshida, Producers"
1978,DOCUMENTARY (Feature),With Babies and Banners: Story of the Women's Emergency Brigade,"Anne Bohlen, Lyn Goldfarb and Lorraine Gray, Producers"
1978,DOCUMENTARY (Short Subject),The Flight of the Gossamer Condor,"Jacqueline Phillips Shedd and Ben Shedd, Producers"
1978,MUSIC (Original Song),"""The Last Time I Felt Like This"" from Same Time, Next Year",Music by Marvin Hamlisch; Lyrics by Alan Bergman and Marilyn Bergman
1978,SHORT FILM (Animated),Special Delivery,"Eunice Macaulay and John Weldon, Producers"
1978,SHORT FILM (Live Action),A Different Approach,"Jim Belcher and Fern Field, Producers"
1978,WRITING (Screenplay Based on Material from Another Medium),Heaven Can Wait,"Elaine May, Warren Beatty"
1978,WRITING (Screenplay Written Directly for the Screen),Coming Home,"Story by Nancy Dowd; Screenplay by Waldo Salt, Robert C. Jones"
1979,MUSIC (Original Song),"""I'll Never Say 'Goodbye'"" from The Promise",Music by David Shire; Lyric by Alan Bergman and Marilyn Bergman
1979,MUSIC (Original Song),"""Through The Eyes Of Love"" from Ice Castles",Music by Marvin Hamlisch; Lyric by Carole Bayer Sager
1979,BEST PICTURE,Norma Rae,"Tamara Asseyev and Alex Rose, Producers"
1979,SHORT FILM (Live Action),Board and Care,"Sarah Pillsbury and Ron Ellis, Producers"
1979,SHORT FILM (Live Action),"Oh Brother, My Brother","Carol Lowell and Ross Lowell, Producers"
1979,WRITING (Screenplay Based on Material from Another Medium),Norma Rae,"Irving Ravetch, Harriet Frank, Jr."
1979,WRITING (Screenplay Written Directly for the Screen),...And Justice for All,"Valerie Curtin, Barry Levinson"
1980,MUSIC (Original Song),"""Nine To Five"" from Nine to Five",Music and Lyric by Dolly Parton
1980,MUSIC (Original Song),"""Out Here On My Own"" from Fame",Music by Michael Gore; Lyric by Lesley Gore
1980,SHORT FILM (Dramatic Live Action),A Jury of Her Peers,"Sally Heckel, Producer"
1980,WRITING (Screenplay Written Directly for the Screen),Private Benjamin,"Nancy Meyers, Charles Shyer, Harvey Miller"
1981,DOCUMENTARY (Feature),Against Wind and Tide: A Cuban Odyssey,"Suzanne Bauman, Paul Neshamkin and Jim Burroughs, Producers"
1981,DOCUMENTARY (Feature),Eight Minutes to Midnight: A Portrait of Dr. Helen Caldicott,"Mary Benjamin, Susanne Simpson and Boyd Estus, Producers"
1981,DOCUMENTARY (Feature),El Salvador: Another Vietnam,"Glenn Silber and Tete Vasconcellos, Producers"
1981,DOCUMENTARY (Short Subject),See What I Say,"Linda Chapman, Pam LeBlanc and Freddi Stevens, Producers"
1981,MUSIC (Original Song),"""Arthur's Theme (Best That You Can Do)"" from Arthur","Music and Lyric by Burt Bacharach, Carole Bayer Sager, Christopher Cross and Peter Allen"
1981,SHORT FILM (Animated),The Tender Tale of Cinderella Penguin,"Janet Perlman, Producer"
1981,SHORT FILM (Live Action),Couples and Robbers,"Christine Oestreicher, Producer"
1981,SHORT FILM (Live Action),Violet,"Paul Kemp and Shelley Levinson, Producers"
1981,WRITING (Screenplay Based on Material from Another Medium),Prince of the City,"Jay Presson Allen, Sidney Lumet"
1982,DOCUMENTARY (Feature),In Our Water,"Meg Switzgable, Producer"
1982,DOCUMENTARY (Short Subject),If You Love This Planet,"Edward Le Lorrain and Terri Nash, Producers"
1982,DOCUMENTARY (Short Subject),To Live or Let Die,"Freida Lee Mock, Producer"
1982,MUSIC (Original Song),"""How Do You Keep The Music Playing?"" from Best Friends",Music by Michel Legrand; Lyric by Alan Bergman and Marilyn Bergman
1982,MUSIC (Original Song),"""If We Were In Love"" from Yes, Giorgio",Music by John Williams; Lyric by Alan Bergman and Marilyn Bergman
1982,MUSIC (Original Song),"""It Might Be You"" from Tootsie",Music by Dave Grusin; Lyric by Alan Bergman and Marilyn Bergman
1982,MUSIC (Original Song),"""Up Where We Belong"" from An Officer and a Gentleman",Music by Jack Nitzsche and Buffy Sainte-Marie; Lyric by Will Jennings
1982,BEST PICTURE,E.T. The Extra-Terrestrial,"Steven Spielberg and Kathleen Kennedy, Producers"
1982,BEST PICTURE,Missing,"Edward Lewis and Mildred Lewis, Producers"
1982,SHORT FILM (Live Action),A Shocking Accident,"Christine Oestreicher, Producer"
1982,WRITING (Screenplay Written Directly for the Screen),E.T. The Extra-Terrestrial,Melissa Mathison
1983,DOCUMENTARY (Feature),First Contact,"Bob Connolly and Robin Anderson, Producers"
1983,DOCUMENTARY (Feature),The Profession of Arms,"Michael Bryans and Tina Viljoen, Producers"
1983,DOCUMENTARY (Feature),Seeing Red,"James Klein and Julia Reichert, Producers"
1983,DOCUMENTARY (Short Subject),Flamenco at 5:15,"Cynthia Scott and Adam Symansky, Producers"
1983,DOCUMENTARY (Short Subject),In the Nuclear Shadow: What Can the Children Tell Us?,"Vivienne Verdon-Roe and Eric Thiermann, Producers"
1983,DOCUMENTARY (Short Subject),You Are Free (Ihr Zent Frei),"Dea Brokman and Ilene Landis, Producers"
1983,MUSIC (Original Song Score or Adaptation Score),Yentl,"Song Score by Michel Legrand, Alan Bergman and Marilyn Bergman"
1983,MUSIC (Original Song),"""Flashdance...What A Feeling"" from Flashdance",Music by Giorgio Moroder; Lyric by Keith Forsey and Irene Cara
1983,MUSIC (Original Song),"""Papa, Can You Hear Me?"" from Yentl",Music by Michel Legrand; Lyric by Alan Bergman and Marilyn Bergman
1983,MUSIC (Original Song),"""The Way He Makes Me Feel"" from Yentl",Music by Michel Legrand; Lyric by Alan Bergman and Marilyn Bergman
1983,SHORT FILM (Animated),Sound of Sunshine - Sound of Rain,"Eda Godel Hallinan, Producer"
1983,SHORT FILM (Live Action),Boys and Girls,"Janice L. Platt, Producer"
1983,WRITING (Screenplay Written Directly for the Screen),The Big Chill,"Lawrence Kasdan, Barbara Benedek"
1983,WRITING (Screenplay Written Directly for the Screen),Silkwood,"Nora Ephron, Alice Arlen"
1984,DOCUMENTARY (Feature),High Schools,"Charles Guggenheim and Nancy Sloss, Producers"
1984,DOCUMENTARY (Feature),Streetwise,"Cheryl McCall, Producer"
1984,DOCUMENTARY (Short Subject),Code Gray: Ethical Dilemmas in Nursing,"Ben Achtenberg and Joan Sawyer, Producers"
1984,DOCUMENTARY (Short Subject),Recollections of Pavlovsk,"Irina Kalinina, Producer"
1984,DOCUMENTARY (Short Subject),The Stone Carvers,"Marjorie Hunt and Paul Wagner, Producers"
1984,BEST PICTURE,Places in the Heart,"Arlene Donovan, Producer"
1984,SHORT FILM (Live Action),The Painted Door,"Michael MacMillan and Janice L. Platt, Producers"
1984,SHORT FILM (Live Action),Tales of Meeting and Parting,"Sharon Oreck and Lesli Linka Glatter, Producers"
1984,WRITING (Screenplay Written Directly for the Screen),El Norte,"Gregory Nava, Anna Thomas"
1985,DOCUMENTARY (Feature),Broken Rainbow,"Maria Florio and Victoria Mudd, Producers"
1985,DOCUMENTARY (Feature),Las Madres--The Mothers of Plaza de Mayo,"Susana Muñoz and Lourdes Portillo, Producers"
1985,DOCUMENTARY (Short Subject),Making Overtures--The Story of a Community Orchestra,"Barbara Willis Sweete, Producer"
1985,BEST PICTURE,The Color Purple,"Steven Spielberg, Kathleen Kennedy, Frank Marshall and Quincy Jones, Producers"
1985,SHORT FILM (Animated),Anna & Bella,"Cilia Van Dijk, Producer"
1985,SHORT FILM (Animated),Second Class Mail,"Alison Snowden, Producer"
1985,SHORT FILM (Live Action),Graffiti,"Dianna Costello, Producer"
1985,WRITING (Screenplay Based on Material from Another Medium),Prizzi's Honor,"Richard Condon, Janet Roach"
1985,WRITING (Screenplay Written Directly for the Screen),The Official Story,"Luis Puenzo, Aida Bortnik"
1985,WRITING (Screenplay Written Directly for the Screen),Witness,"Screenplay by Earl W. Wallace, William Kelley; Story by William Kelley, Pamela Wallace, Earl W. Wallace"
1986,DOCUMENTARY (Feature),Artie Shaw: Time Is All You've Got,"Brigitte Berman, Producer"
1986,DOCUMENTARY (Feature),Witness to Apartheid,"Sharon I. Sopher, Producer"
1986,DOCUMENTARY (Short Subject),Debonair Dancers,"Alison Nigh-Strelich, Producer"
1986,DOCUMENTARY (Short Subject),The Masters of Disaster,"Sonya Friedman, Producer"
1986,DOCUMENTARY (Short Subject),Red Grooms: Sunflower in a Hothouse,"Thomas L. Neff and Madeline Bell, Producers"
1986,DOCUMENTARY (Short Subject),"Women--for America, for the World","Vivienne Verdon-Roe, Producer"
1986,MUSIC (Original Song),"""Glory Of Love"" from The Karate Kid Part II",Music by Peter Cetera and David Foster; Lyric by Peter Cetera and Diane Nini
1986,MUSIC (Original Song),"""Somewhere Out There"" from An American Tail",Music by James Horner and Barry Mann; Lyric by Cynthia Weil
1986,SHORT FILM (Animated),A Greek Tragedy,"Linda Van Tulden and Willem Thijssen, Producers"
1986,SHORT FILM (Live Action),Love Struck,"Fredda Weiss, Producer"
1986,WRITING (Screenplay Based on Material from Another Medium),Children of a Lesser God,"Hesper Anderson, Mark Medoff"
1986,WRITING (Screenplay Based on Material from Another Medium),Crimes of the Heart,Beth Henley
1986,WRITING (Screenplay Based on Material from Another Medium),A Room with a View,Ruth Prawer Jhabvala
1987,DOCUMENTARY (Feature),Eyes on the Prize: America's Civil Rights Years/Bridge to Freedom 1965,"Callie Crossley and James A. DeVinney, Producers"
1987,DOCUMENTARY (Feature),A Stitch for Time,"Barbara Herbich and Cyril Christo, Producers"
1987,DOCUMENTARY (Feature),The Ten-Year Lunch: The Wit and Legend of the Algonquin Round Table,"Aviva Slesin, Producer"
1987,DOCUMENTARY (Short Subject),Frances Steloff: Memoirs of a Bookseller,"Deborah Dickson, Producer"
1987,DOCUMENTARY (Short Subject),Language Says It All,"Megan Williams, Producer"
1987,DOCUMENTARY (Short Subject),Silver into Gold,"Lynn Mueller, Producer"
1987,DOCUMENTARY (Short Subject),Young at Heart,"Sue Marx and Pamela Conn, Producers"
1987,MUSIC (Original Song),"""Nothing's Gonna Stop Us Now"" from Mannequin",Music and Lyric by Albert Hammond and Diane Warren
1987,BEST PICTURE,Fatal Attraction,"Stanley R. Jaffe and Sherry Lansing, Producers"
1987,SHORT FILM (Animated),George and Rosemary,"Eunice Macaulay, Producer"
1987,SHORT FILM (Live Action),Making Waves,"Ann Wingate, Producer"
1987,SHORT FILM (Live Action),Ray's Male Heterosexual Dance Hall,"Jonathan Sanger and Jana Sue Memel, Producers"
1988,DOCUMENTARY (Feature),Let's Get Lost,"Bruce Weber and Nan Bush, Producers"
1988,DOCUMENTARY (Feature),Promises to Keep,"Ginny Durrin, Producer"
1988,DOCUMENTARY (Feature),Who Killed Vincent Chin?,"Renee Tajima and Christine Choy, Producers"
1988,DOCUMENTARY (Short Subject),The Children's Storefront,"Karen Goodman, Producer"
1988,DOCUMENTARY (Short Subject),Family Gathering,"Lise Yasui and Ann Tegnell, Producers"
1988,DOCUMENTARY (Short Subject),Portrait of Imogen,"Nancy Hale and Meg Partridge, Producers"
1988,MUSIC (Original Song),"""Let The River Run"" from Working Girl",Music and Lyric by Carly Simon
1988,BEST PICTURE,Dangerous Liaisons,"Norma Heyman and Hank Moonjean, Producers"
1988,SHORT FILM (Live Action),Cadillac Dreams,"Matia Karrell, Abbee Goldstein"
1988,WRITING (Screenplay Based on Material from Another Medium),Gorillas in the Mist,"Screenplay by Anna Hamilton Phelan; Story by Anna Hamilton Phelan, Tab Murphy"
1988,WRITING (Screenplay Based on Material from Another Medium),Little Dorrit,Christine Edzard
1988,WRITING (Screenplay Written Directly for the Screen),Big,"Gary Ross, Anne Spielberg"
1988,WRITING (Screenplay Written Directly for the Screen),Running on Empty,Naomi Foner
1989,DOCUMENTARY (Feature),Adam Clayton Powell,"Richard Kilberg and Yvonne Smith, Producers"
1989,DOCUMENTARY (Feature),For All Mankind,"Al Reinert and Betsy Broyles Breier, Producers"
1989,DOCUMENTARY (Feature),Super Chief: The Life and Legacy of Earl Warren,"Judith Leonard and Bill Jersey, Producers"
1989,MUSIC (Original Song),"""The Girl Who Used To Be Me"" from Shirley Valentine",Music by Marvin Hamlisch; Lyric by Alan Bergman and Marilyn Bergman
1989,BEST PICTURE,Driving Miss Daisy,"Richard D. Zanuck and Lili Fini Zanuck, Producers"
1989,WRITING (Screenplay Written Directly for the Screen),When Harry Met Sally...,Nora Ephron
1990,DOCUMENTARY (Feature),American Dream,"Barbara Kopple and Arthur Cohn, Producers"
1990,DOCUMENTARY (Feature),Building Bombs,"Mark Mori and Susan Robinson, Producers"
1990,DOCUMENTARY (Feature),Forever Activists: Stories from the Veterans of the Abraham Lincoln Brigade,"Judith Montell, Producer"
1990,DOCUMENTARY (Short Subject),Chimps: So Like Us,"Karen Goodman and Kirk Simon, Producers"
1990,DOCUMENTARY (Short Subject),Rose Kennedy: A Life to Remember,"Freida Lee Mock and Terry Sanders, Producers"
1990,BEST PICTURE,Ghost,"Lisa Weinstein, Producer"
1990,SHORT FILM (Live Action),12:01 PM,"Hillary Ripps, Jonathan Heap"
1991,DOCUMENTARY (Feature),Doing Time: Life inside the Big House,"Alan Raymond and Susan Raymond, Producers"
1991,DOCUMENTARY (Feature),In the Shadow of the Stars,"Allie Light and Irving Saraf, Producers"
1991,DOCUMENTARY (Feature),The Restless Conscience,"Hava Kohav Beller, Producer"
1991,DOCUMENTARY (Feature),Wild by Law,"Lawrence Hott and Diane Garey, Producers"
1991,DOCUMENTARY (Short Subject),"Deadly Deception: General Electric, Nuclear Weapons and Our Environment","Debra Chasnoff, Producer"
1991,DOCUMENTARY (Short Subject),A Little Vicious,"Immy Humes, Producer"
1991,BEST PICTURE,The Prince of Tides,"Barbra Streisand and Andrew Karsch, Producers"
1991,SHORT FILM (Animated),Strings,Wendy Tilby
1991,WRITING (Screenplay Based on Material Previously Produced or Published),Europa Europa,Agnieszka Holland
1991,WRITING (Screenplay Based on Material Previously Produced or Published),Fried Green Tomatoes,"Fannie Flagg, Carol Sobieski"
1991,WRITING (Screenplay Based on Material Previously Produced or Published),The Prince of Tides,"Pat Conroy, Becky Johnston"
1991,WRITING (Screenplay Written Directly for the Screen),Grand Canyon,"Lawrence Kasdan, Meg Kasdan"
1991,WRITING (Screenplay Written Directly for the Screen),Thelma & Louise,Callie Khouri
1992,DOCUMENTARY (Feature),Fires of Kuwait,"Sally Dundas, Producer"
1992,DOCUMENTARY (Feature),Liberators: Fighting on Two Fronts in World War II,"William Miles and Nina Rosenblum, Producers"
1992,DOCUMENTARY (Feature),Music for the Movies: Bernard Herrmann,"Margaret Smilow and Roma Baran, Producers"
1992,DOCUMENTARY (Feature),The Panama Deception,"Barbara Trent and David Kasper, Producers"
1992,DOCUMENTARY (Short Subject),Beyond Imagining: Margaret Anderson and the 'Little Review',"Wendy L. Weinberg, Producer"
1992,DOCUMENTARY (Short Subject),The Colours of My Father: A Portrait of Sam Borenstein,"Richard Elson and Sally Bochner, Producers"
1992,DOCUMENTARY (Short Subject),Educating Peter,"Thomas C. Goodwin and Gerardine Wurzburg, Producers"
1992,DOCUMENTARY (Short Subject),When Abortion Was Illegal: Untold Stories,"Dorothy Fadiman, Producer"
1992,MUSIC (Original Song),"""I Have Nothing"" from The Bodyguard",Music by David Foster; Lyric by Linda Thompson
1992,SHORT FILM (Animated),Mona Lisa Descending a Staircase,Joan C. Gratz
1992,SHORT FILM (Animated),"Reci, Reci, Reci... (Words, Words, Words)",Michaela Pavlátová
1992,SHORT FILM (Live Action),Contact,"Jonathan Darby, Jana Sue Memel"
1992,WRITING (Screenplay Based on Material Previously Produced or Published),Howards End,Ruth Prawer Jhabvala
1993,DIRECTING,The Piano,Jane Campion
1993,DOCUMENTARY (Feature),Children of Fate,"Susan Todd, Andrew Young"
1993,DOCUMENTARY (Feature),For Better or for Worse,"David Collier, Betsy Thompson"
1993,DOCUMENTARY (Feature),I Am a Promise: The Children of Stanton Elementary School,"Susan Raymond, Alan Raymond"
1993,DOCUMENTARY (Feature),The War Room,"D.A. Pennebaker, Chris Hegedus"
1993,DOCUMENTARY (Short Subject),Chicks in White Satin,"Elaine Holliman, Jason Schneider"
1993,DOCUMENTARY (Short Subject),Defending Our Lives,"Margaret Lazarus, Renner Wunderlich"
1993,MUSIC (Original Song),"""Again"" from Poetic Justice","Music and Lyric by Janet Jackson, James Harris III and Terry Lewis"
1993,MUSIC (Original Song),"""The Day I Fall In Love"" from Beethoven's 2nd","Music and Lyric by Carole Bayer Sager, James Ingram and Clif Magness"
1993,BEST PICTURE,The Piano,"Jan Chapman, Producer"
1993,SHORT FILM (Live Action),Down on the Waterfront,"Stacy Title, Jonathan Penner"
1993,SHORT FILM (Live Action),The Dutch Master,"Susan Seidelman, Jonathan Brett"
1993,SHORT FILM (Live Action),Partners,"Peter Weller, Jana Sue Memel"
1993,WRITING (Screenplay Based on Material Previously Produced or Published),The Remains of the Day,Ruth Prawer Jhabvala
1993,WRITING (Screenplay Written Directly for the Screen),The Piano,Jane Campion
1993,WRITING (Screenplay Written Directly for the Screen),Sleepless in Seattle,"Screenplay by Nora Ephron, David S. Ward, Jeff Arch; Story by Jeff Arch"
1994,DOCUMENTARY (Feature),Complaints of a Dutiful Daughter,Deborah Hoffmann
1994,DOCUMENTARY (Feature),Freedom on My Mind,"Connie Field, Marilyn Mulford"
1994,DOCUMENTARY (Feature),A Great Day in Harlem,Jean Bach
1994,DOCUMENTARY (Feature),Maya Lin: A Strong Clear Vision,"Freida Lee Mock, Terry Sanders"
1994,DOCUMENTARY (Short Subject),Straight from the Heart,"Dee Mosbacher, Frances Reid"
1994,MUSIC (Original Song),"""Look What Love Has Done"" from Junior","Music and Lyric by Carole Bayer Sager, James Newton Howard, James Ingram and Patty Smyth"
1994,BEST PICTURE,Forrest Gump,"Wendy Finerman, Steve Tisch and Steve Starkey, Producers"
1994,BEST PICTURE,The Shawshank Redemption,"Niki Marvin, Producer"
1994,SHORT FILM (Animated),Bob's Birthday,"Alison Snowden, David Fine"
1994,SHORT FILM (Animated),The Janitor,Vanessa Schwartz
1994,SHORT FILM (Animated),Triangle,Erica Russell
1994,SHORT FILM (Live Action),Franz Kafka's It's a Wonderful Life,"Peter Capaldi, Ruth Kenley-Letts"
1994,SHORT FILM (Live Action),Kangaroo Court,"Sean Astin, Christine Astin"
1994,SHORT FILM (Live Action),On Hope,"JoBeth Williams, Michele McGuire"
1994,SHORT FILM (Live Action),Trevor,"Peggy Rajski, Randy Stone"
1994,WRITING (Screenplay Written Directly for the Screen),Heavenly Creatures,"Frances Walsh, Peter Jackson"
1995,DOCUMENTARY (Feature),Troublesome Creek: A Midwestern,"Jeanne Jordan, Steven Ascher"
1995,DOCUMENTARY (Short Subject),Jim Dine: A Self-Portrait on the Walls,"Nancy Dine, Richard Stilwell"
1995,DOCUMENTARY (Short Subject),Never Give Up: The 20th Century Odyssey of Herbert Zipper,"Terry Sanders, Freida Lee Mock"
1995,MUSIC (Original Song),"""Moonlight"" from Sabrina",Music by John Williams; Lyric by Alan Bergman and Marilyn Bergman
1995,BEST PICTURE,Sense and Sensibility,"Lindsay Doran, Producer"
1995,SHORT FILM (Live Action),Lieberman in Love,"Christine Lahti, Jana Sue Memel"
1995,SHORT FILM (Live Action),Little Surprises,"Jeff Goldblum, Tikki Goldberg"
1995,SHORT FILM (Live Action),Tuesday Morning Ride,"Dianne Houston, Joy Ryan"
1995,WRITING (Screenplay Based on Material Previously Produced or Published),The Postman (Il Postino),"Anna Pavignano, Michael Radford, Furio Scarpelli, Giacomo Scarpelli, Massimo Troisi"
1995,WRITING (Screenplay Based on Material Previously Produced or Published),Sense and Sensibility,Emma Thompson
1996,DOCUMENTARY (Feature),The Line King: The Al Hirschfeld Story,Susan W. Dryfoos
1996,DOCUMENTARY (Feature),Suzanne Farrell: Elusive Muse,"Anne Belle, Deborah Dickson"
1996,DOCUMENTARY (Short Subject),Breathing Lessons: The Life and Work of Mark O'Brien,Jessica Yu
1996,DOCUMENTARY (Short Subject),Special Effects,"Susanne Simpson, Ben Burtt"
1996,MUSIC (Original Musical or Comedy Score),Emma,Rachel Portman
1996,MUSIC (Original Song),"""Because You Loved Me"" from Up Close and Personal",Music and Lyric by Diane Warren
1996,MUSIC (Original Song),"""I Finally Found Someone"" from The Mirror Has Two Faces","Music and Lyric by Barbra Streisand, Marvin Hamlisch, Bryan Adams and Robert 'Mutt' Lange"
1996,BEST PICTURE,Shine,"Jane Scott, Producer"
1996,SHORT FILM (Live Action),Wordless,"Bernadette Carranza, Antonello De Leo"
1997,DOCUMENTARY (Feature),Colors Straight Up,"Michèle Ohayon, Julia Schachter"
1997,DOCUMENTARY (Short Subject),Daughter of the Bride,Terri Randall
1997,DOCUMENTARY (Short Subject),Still Kicking: The Fabulous Palm Springs Follies,"Mel Damski, Andrea Blaugrund"
1997,DOCUMENTARY (Short Subject),A Story of Healing,"Donna Dewey, Carol Pasternak"
1997,MUSIC (Original Musical or Comedy Score),Anastasia,Music by Stephen Flaherty; Lyrics by Lynn Ahrens; Orchestral Score by David Newman
1997,MUSIC (Original Musical or Comedy Score),The Full Monty,Anne Dudley
1997,MUSIC (Original Song),"""How Do I Live"" from Con Air",Music and Lyric by Diane Warren
1997,MUSIC (Original Song),"""Journey To The Past"" from Anastasia",Music by Stephen Flaherty; Lyric by Lynn Ahrens
1997,BEST PICTURE,As Good as It Gets,"James L. Brooks, Bridget Johnson and Kristi Zea, Producers"
1997,SHORT FILM (Animated),Famous Fred,Joanna Quinn
1997,WRITING (Screenplay Based on Material Previously Produced or Published),Wag the Dog,"Hilary Henkin, David Mamet"
1998,DOCUMENTARY (Feature),"The Farm: Angola, U.S.A.","Jonathan Stack, Liz Garbus"
1998,DOCUMENTARY (Feature),Regret to Inform,"Barbara Sonneborn, Janet Cole"
1998,DOCUMENTARY (Short Subject),The Personals: Improvisations on Romance in the Golden Years,Keiko Ibi
1998,MUSIC (Original Song),"""I Don't Want To Miss A Thing"" from Armageddon",Music and Lyric by Diane Warren
1998,MUSIC (Original Song),"""The Prayer"" from Quest for Camelot","Music by Carole Bayer Sager and David Foster; Lyric by Carole Bayer Sager, David Foster, Tony Renis and Alberto Testa"
1998,MUSIC (Original Song),"""A Soft Place To Fall"" from The Horse Whisperer",Music and Lyric by Allison Moorer and Gwil Owen
1998,BEST PICTURE,Elizabeth,"Alison Owen, Eric Fellner and Tim Bevan, Producers"
1998,BEST PICTURE,Life Is Beautiful,"Elda Ferri and Gianluigi Braschi, Producers"
1998,BEST PICTURE,Shakespeare in Love,"David Parfitt, Donna Gigliotti, Harvey Weinstein, Edward Zwick and Marc Norman, Producers"
1998,WRITING (Screenplay Based on Material Previously Produced or Published),Primary Colors,Elaine May
1999,DOCUMENTARY (Feature),On the Ropes,"Nanette Burstein, Brett Morgen"
1999,DOCUMENTARY (Feature),Speaking in Strings,"Paola di Florio, Lilibet Foster"
1999,DOCUMENTARY (Short Subject),King Gimp,"Susan Hannah Hadary, William A. Whiteford"
1999,MUSIC (Original Score),The Cider House Rules,Rachel Portman
1999,MUSIC (Original Song),"""Music Of My Heart"" from Music of the Heart",Music and Lyric by Diane Warren
1999,MUSIC (Original Song),"""Save Me"" from Magnolia",Music and Lyric by Aimee Mann
1999,BEST PICTURE,The Sixth Sense,"Frank Marshall, Kathleen Kennedy and Barry Mendel, Producers"
1999,SHORT FILM (Animated),My Grandmother Ironed the King's Shirts,Torill Kove
1999,SHORT FILM (Animated),When the Day Breaks,"Wendy Tilby, Amanda Forbis"
1999,SHORT FILM (Live Action),Kleingeld (Small Change),"Marc-Andreas Bochert, Gabriele Lins"
1999,SHORT FILM (Live Action),My Mother Dreams the Satan's Disciples in New York,"Barbara Schock, Tammy Tiehel"
2000,DOCUMENTARY (Feature),Into the Arms of Strangers: Stories of the Kindertransport,"Mark Jonathan Harris, Deborah Oppenheimer"
2000,DOCUMENTARY (Feature),Long Night's Journey into Day,"Frances Reid, Deborah Hoffmann"
2000,DOCUMENTARY (Short Subject),Big Mama,Tracy Seretean
2000,MUSIC (Original Score),Chocolat,Rachel Portman
2000,MUSIC (Original Song),"""I've Seen It All"" from Dancer in the Dark",Music by Björk; Lyric by Lars von Trier and Sjon Sigurdsson
2000,BEST PICTURE,Chocolat,"David Brown, Kit Golden and Leslie Holleran, Producers"
2000,BEST PICTURE,Erin Brockovich,"Danny DeVito, Michael Shamberg and Stacey Sher, Producers"
2000,BEST PICTURE,Traffic,"Edward Zwick, Marshall Herskovitz and Laura Bickford, Producers"
2000,SHORT FILM (Animated),The Periwig-Maker,"Steffen Schäffler, Annette Schäffler"
2000,SHORT FILM (Live Action),By Courier,"Peter Riegert, Ericka Frederick"
2000,SHORT FILM (Live Action),One Day Crossing,"Joan Stein, Christina Lazaridi"
2000,SHORT FILM (Live Action),Seraglio,"Gail Lerner, Colin Campbell"
2000,WRITING (Screenplay Based on Material Previously Produced or Published),"Crouching Tiger, Hidden Dragon",Written by Wang Hui Ling and James Schamus and Tsai Kuo Jung
2000,WRITING (Screenplay Written Directly for the Screen),Erin Brockovich,Written by Susannah Grant
2001,DOCUMENTARY (Feature),Children Underground,Edet Belzberg
2001,DOCUMENTARY (Feature),LaLee's Kin: The Legacy of Cotton,"Susan Froemke, Deborah Dickson"
2001,DOCUMENTARY (Feature),Promises,"Justine Shapiro, B.Z. Goldberg"
2001,DOCUMENTARY (Short Subject),Artists and Orphans: A True Drama,Lianne Klapper McNally
2001,DOCUMENTARY (Short Subject),Sing!,"Freida Lee Mock, Jessica Sanders"
2001,DOCUMENTARY (Short Subject),Thoth,"Sarah Kernochan, Lynn Appelle"
2001,MUSIC (Original Song),"""May It Be"" from The Lord of the Rings: The Fellowship of the Ring","Music and Lyric by Enya, Nicky Ryan and Roma Ryan"
2001,MUSIC (Original Song),"""There You'll Be"" from Pearl Harbor",Music and Lyric by Diane Warren
2001,BEST PICTURE,The Lord of the Rings: The Fellowship of the Ring,"Peter Jackson, Fran Walsh and Barrie M. Osborne, Producers"
2001,SHORT FILM (Live Action),the accountant,"Ray McKinnon, Lisa Blount"
2001,SHORT FILM (Live Action),Speed for Thespians,"Kalman Apple, Shameela Bakhsh"
2001,WRITING (Screenplay Based on Material Previously Produced or Published),The Lord of the Rings: The Fellowship of the Ring,"Screenplay by Fran Walsh, Philippa Boyens, Peter Jackson"
2002,DOCUMENTARY (Feature),Daughter from Danang,"Gail Dolgin, Vicente Franco"
2002,DOCUMENTARY (Short Subject),The Collector of Bedford Street,Alice Elliott
2002,MUSIC (Original Song),"""Burn It Blue"" from Frida",Music by Elliot Goldenthal; Lyric by Julie Taymor
2002,BEST PICTURE,The Lord of the Rings: The Two Towers,"Barrie M. Osborne, Fran Walsh and Peter Jackson, Producers"
2002,SHORT FILM (Animated),Das Rad,"Chris Stenner, Heidi Wittlinger"
2002,SHORT FILM (Live Action),Fait D'Hiver,"Dirk Beliën, Anja Daelemans"
2002,SHORT FILM (Live Action),Inja (Dog),"Steven Pasvolsky, Joe Weatherstone"
2002,SHORT FILM (Live Action),Johnny Flynton,"Lexi Alexander, Alexander Buono"
2002,SHORT FILM (Live Action),This Charming Man (Der Er En Yndig Mand),"Martin Strange-Hansen, Mie Andreasen"
2002,WRITING (Original Screenplay),My Big Fat Greek Wedding,Written by Nia Vardalos
2003,DIRECTING,Lost in Translation,Sofia Coppola
2003,DOCUMENTARY (Feature),My Architect,Nathaniel Kahn and Susan R. Behr
2003,DOCUMENTARY (Short Subject),Asylum,Sandy McLeod and Gini Reticker
2003,DOCUMENTARY (Short Subject),Chernobyl Heart,Maryann DeLeo
2003,DOCUMENTARY (Short Subject),Ferry Tales,Katja Esson
2003,MUSIC (Original Song),"""Into The West"" from The Lord of the Rings: The Return of the King",Music and Lyric by Fran Walsh and Howard Shore and Annie Lennox
2003,MUSIC (Original Song),"""A Kiss At The End Of The Rainbow"" from A Mighty Wind",Music and Lyric by Michael McKean and Annette O'Toole
2003,BEST PICTURE,The Lord of the Rings: The Return of the King,"Barrie M. Osborne, Peter Jackson and Fran Walsh, Producers"
2003,BEST PICTURE,Lost in Translation,"Ross Katz and Sofia Coppola, Producers"
2003,BEST PICTURE,Mystic River,"Robert Lorenz, Judie G. Hoyt and Clint Eastwood, Producers"
2003,BEST PICTURE,Seabiscuit,"Kathleen Kennedy, Frank Marshall and Gary Ross, Producers"
2003,WRITING (Adapted Screenplay),American Splendor,Written by Robert Pulcini & Shari Springer Berman
2003,WRITING (Adapted Screenplay),The Lord of the Rings: The Return of the King,"Screenplay by Fran Walsh, Philippa Boyens & Peter Jackson"
2003,WRITING (Original Screenplay),In America,Written by Jim Sheridan & Naomi Sheridan & Kirsten Sheridan
2003,WRITING (Original Screenplay),Lost in Translation,Written by Sofia Coppola
2004,DOCUMENTARY (Feature),Born into Brothels,Ross Kauffman and Zana Briski
2004,DOCUMENTARY (Feature),The Story of the Weeping Camel,Luigi Falorni and Byambasuren Davaa
2004,DOCUMENTARY (Feature),Tupac: Resurrection,Lauren Lazin and Karolyn Ali
2004,DOCUMENTARY (Short Subject),Autism Is a World,Gerardine Wurzburg
2004,DOCUMENTARY (Short Subject),The Children of Leningradsky,Hanna Polak and Andrzej Celinski
2004,DOCUMENTARY (Short Subject),Hardwood,Hubert Davis and Erin Faith Young
2004,BEST PICTURE,Finding Neverland,"Richard N. Gladstein and Nellie Bellflower, Producers"
2004,SHORT FILM (Live Action),"Two Cars, One Night",Taika Waititi and Ainsley Gardiner
2004,SHORT FILM (Live Action),Wasp,Andrea Arnold
2004,WRITING (Adapted Screenplay),Before Sunset,Screenplay by Richard Linklater & Julie Delpy & Ethan Hawke; Story by Richard Linklater & Kim Krizan
2005,DOCUMENTARY (Short Subject),God Sleeps in Rwanda,Kimberlee Acquaro and Stacy Sherman
2005,DOCUMENTARY (Short Subject),A Note of Triumph: The Golden Age of Norman Corwin,Corinne Marrinan and Eric Simonson
2005,MUSIC (Original Song),"""In The Deep"" from Crash","Music by Kathleen ""Bird"" York and Michael Becker; Lyric by Kathleen ""Bird"" York"
2005,MUSIC (Original Song),"""Travelin' Thru"" from Transamerica",Music and Lyric by Dolly Parton
2005,BEST PICTURE,Brokeback Mountain,"Diana Ossana and James Schamus, Producers"
2005,BEST PICTURE,Capote,"Caroline Baron, William Vince and Michael Ohoven, Producers"
2005,BEST PICTURE,Crash,"Paul Haggis and Cathy Schulman, Producers"
2005,BEST PICTURE,Munich,"Kathleen Kennedy, Steven Spielberg and Barry Mendel, Producers"
2005,SHORT FILM (Animated),Badgered,Sharon Colman
2005,SHORT FILM (Animated),The Moon and the Son: An Imagined Conversation,John Canemaker and Peggy Stern
2005,SHORT FILM (Live Action),Ausreisser (The Runaway),Ulrike Grote
2005,SHORT FILM (Live Action),Cashback,Sean Ellis and Lene Bausager
2005,SHORT FILM (Live Action),Our Time Is Up,Rob Pearlstein and Pia Clemente
2005,WRITING (Adapted Screenplay),Brokeback Mountain,Screenplay by Larry McMurtry & Diana Ossana
2006,DOCUMENTARY (Feature),Deliver Us from Evil,Amy Berg and Frank Donner
2006,DOCUMENTARY (Feature),Jesus Camp,Heidi Ewing and Rachel Grady
2006,DOCUMENTARY (Feature),"My Country, My Country",Laura Poitras and Jocelyn Glatzer
2006,DOCUMENTARY (Short Subject),The Blood of Yingzhou District,Ruby Yang and Thomas Lennon
2006,DOCUMENTARY (Short Subject),Recycled Life,Leslie Iwerks and Mike Glad
2006,DOCUMENTARY (Short Subject),Rehearsing a Dream,Karen Goodman and Kirk Simon
2006,DOCUMENTARY (Short Subject),Two Hands,Nathaniel Kahn and Susan Rose Behr
2006,MUSIC (Original Song),"""I Need To Wake Up"" from An Inconvenient Truth",Music and Lyric by Melissa Etheridge
2006,MUSIC (Original Song),"""Listen"" from Dreamgirls",Music by Henry Krieger and Scott Cutler; Lyric by Anne Preven
2006,MUSIC (Original Song),"""Love You I Do"" from Dreamgirls",Music by Henry Krieger; Lyric by Siedah Garrett
2006,BEST PICTURE,The Queen,"Andy Harries, Christine Langan and Tracey Seaward, Producers"
2006,SHORT FILM (Animated),The Danish Poet,Torill Kove
2006,WRITING (Original Screenplay),Letters from Iwo Jima,Screenplay by Iris Yamashita; Story by Iris Yamashita & Paul Haggis
2007,ANIMATED FEATURE FILM,Persepolis,Marjane Satrapi and Vincent Paronnaud
2007,DOCUMENTARY (Feature),No End in Sight,Charles Ferguson and Audrey Marrs
2007,DOCUMENTARY (Feature),Sicko,Michael Moore and Meghan O'Hara
2007,DOCUMENTARY (Feature),Taxi to the Dark Side,Alex Gibney and Eva Orner
2007,DOCUMENTARY (Feature),War/Dance,Andrea Nix Fine and Sean Fine
2007,DOCUMENTARY (Short Subject),Freeheld,Cynthia Wade and Vanessa Roth
2007,DOCUMENTARY (Short Subject),La Corona (The Crown),Amanda Micheli and Isabel Vega
2007,MUSIC (Original Song),"""Falling Slowly"" from Once",Music and Lyric by Glen Hansard and Marketa Irglova
2007,BEST PICTURE,Juno,"Lianne Halfon, Mason Novick and Russell Smith, Producers"
2007,BEST PICTURE,Michael Clayton,"Sydney Pollack, Jennifer Fox and Kerry Orent, Producers"
2007,BEST PICTURE,There Will Be Blood,"JoAnne Sellar, Paul Thomas Anderson and Daniel Lupi, Producers"
2007,SHORT FILM (Animated),Peter & the Wolf,Suzie Templeton and Hugh Welchman
2007,SHORT FILM (Live Action),At Night,Christian E. Christiansen and Louise Vesth
2007,SHORT FILM (Live Action),Tanghi Argentini,Guido Thys and Anja Daelemans
2007,WRITING (Adapted Screenplay),Away from Her,Written by Sarah Polley
2007,WRITING (Original Screenplay),Juno,Written by Diablo Cody
2007,WRITING (Original Screenplay),Lars and the Real Girl,Written by Nancy Oliver
2007,WRITING (Original Screenplay),The Savages,Written by Tamara Jenkins
2008,DOCUMENTARY (Feature),The Betrayal (Nerakhoon),Ellen Kuras and Thavisouk Phrasavath
2008,DOCUMENTARY (Feature),Trouble the Water,Tia Lessin and Carl Deal
2008,DOCUMENTARY (Short Subject),The Final Inch,Irene Taylor Brodsky and Tom Grant
2008,DOCUMENTARY (Short Subject),Smile Pinki,Megan Mylan
2008,DOCUMENTARY (Short Subject),The Witness - From the Balcony of Room 306,Adam Pertofsky and Margaret Hyde
2008,MUSIC (Original Song),"""O Saya"" from Slumdog Millionaire",Music and Lyric by A.R. Rahman and Maya Arulpragasam
2008,BEST PICTURE,The Curious Case of Benjamin Button,"Kathleen Kennedy, Frank Marshall and Ceán Chaffin, Producers"
2008,BEST PICTURE,The Reader,"Anthony Minghella, Sydney Pollack, Donna Gigliotti and Redmond Morris, Producers"
2008,SHORT FILM (Live Action),Manon on the Asphalt,Elizabeth Marre and Olivier Pont
2008,SHORT FILM (Live Action),New Boy,Steph Green and Tamara Anghie
2008,SHORT FILM (Live Action),The Pig,Tivi Magnusson and Dorte Høgh
2008,WRITING (Adapted Screenplay),The Curious Case of Benjamin Button,Screenplay by Eric Roth; Screen story by Eric Roth and Robin Swicord
2008,WRITING (Original Screenplay),Frozen River,Written by Courtney Hunt
2009,DIRECTING,The Hurt Locker,Kathryn Bigelow
2009,DOCUMENTARY (Feature),Burma VJ,Anders Østergaard and Lise Lense-Møller
2009,DOCUMENTARY (Feature),"Food, Inc.",Robert Kenner and Elise Pearlstein
2009,DOCUMENTARY (Feature),The Most Dangerous Man in America: Daniel Ellsberg and the Pentagon Papers,Judith Ehrlich and Rick Goldsmith
2009,DOCUMENTARY (Feature),Which Way Home,Rebecca Cammisa
2009,DOCUMENTARY (Short Subject),The Last Truck: Closing of a GM Plant,Steven Bognar and Julia Reichert
2009,DOCUMENTARY (Short Subject),Music by Prudence,Roger Ross Williams and Elinor Burkett
2009,DOCUMENTARY (Short Subject),Rabbit à la Berlin,Bartek Konopka and Anna Wydra
2009,BEST PICTURE,District 9,"Peter Jackson and Carolynne Cunningham, Producers"
2009,BEST PICTURE,An Education,"Finola Dwyer and Amanda Posey, Producers"
2009,BEST PICTURE,The Hurt Locker,"Kathryn Bigelow, Mark Boal, Nicolas Chartier and Greg Shapiro, Producers"
2009,BEST PICTURE,Precious: Based on the Novel 'Push' by Sapphire,"Lee Daniels, Sarah Siegel-Magness and Gary Magness, Producers"
2009,SHORT FILM (Live Action),The Door,Juanita Wilson and James Flynn
2009,WRITING (Adapted Screenplay),District 9,Written by Neill Blomkamp and Terri Tatchell
2010,DOCUMENTARY (Feature),Gasland,Josh Fox and Trish Adlesic
2010,DOCUMENTARY (Feature),Inside Job,Charles Ferguson and Audrey Marrs
2010,DOCUMENTARY (Feature),Waste Land,Lucy Walker and Angus Aynsley
2010,DOCUMENTARY (Short Subject),Poster Girl,Sara Nesson and Mitchell W. Block
2010,DOCUMENTARY (Short Subject),Strangers No More,Karen Goodman and Kirk Simon
2010,DOCUMENTARY (Short Subject),Sun Come Up,Jennifer Redfearn and Tim Metzger
2010,DOCUMENTARY (Short Subject),The Warriors of Qiugang,Ruby Yang and Thomas Lennon
2010,MUSIC (Original Song),"""Coming Home"" from Country Strong","Music and Lyric by Tom Douglas, Troy Verges and Hillary Lindsey"
2010,MUSIC (Original Song),"""If I Rise"" from 127 Hours",Music by A.R. Rahman; Lyric by Dido and Rollo Armstrong
2010,BEST PICTURE,Inception,"Emma Thomas and Christopher Nolan, Producers"
2010,BEST PICTURE,The Kids Are All Right,"Gary Gilbert, Jeffrey Levy-Hinte and Celine Rattray, Producers"
2010,BEST PICTURE,The Social Network,"Scott Rudin, Dana Brunetti, Michael De Luca and Ceán Chaffin, Producers"
2010,BEST PICTURE,Toy Story 3,"Darla K. Anderson, Producer"
2010,BEST PICTURE,Winter's Bone,"Anne Rosellini and Alix Madigan-Yorkin, Producers"
2010,SHORT FILM (Live Action),Wish 143,Ian Barnes and Samantha Waite
2010,WRITING (Adapted Screenplay),Winter's Bone,Adapted for the screen by Debra Granik & Anne Rosellini
2010,WRITING (Original Screenplay),The Kids Are All Right,Written by Lisa Cholodenko & Stuart Blumberg
2011,ANIMATED FEATURE FILM,Kung Fu Panda 2,Jennifer Yuh Nelson
2011,DOCUMENTARY (Short Subject),The Barber of Birmingham: Foot Soldier of the Civil Rights Movement,Robin Fryday and Gail Dolgin
2011,DOCUMENTARY (Short Subject),God Is the Bigger Elvis,Rebecca Cammisa and Julie Anderson
2011,DOCUMENTARY (Short Subject),Saving Face,Daniel Junge and Sharmeen Obaid-Chinoy
2011,DOCUMENTARY (Short Subject),The Tsunami and the Cherry Blossom,Lucy Walker and Kira Carstensen
2011,MUSIC (Original Song),"""Real In Rio"" from Rio",Music by Sergio Mendes and Carlinhos Brown; Lyric by Siedah Garrett
2011,BEST PICTURE,Midnight in Paris,"Letty Aronson and Stephen Tenenbaum, Producers"
2011,BEST PICTURE,Moneyball,"Michael De Luca, Rachael Horovitz and Brad Pitt, Producers"
2011,BEST PICTURE,The Tree of Life,"Sarah Green, Bill Pohlad, Dede Gardner and Grant Hill, Producers"
2011,BEST PICTURE,War Horse,"Steven Spielberg and Kathleen Kennedy, Producers"
2011,SHORT FILM (Animated),A Morning Stroll,Grant Orchard and Sue Goffe
2011,SHORT FILM (Animated),Wild Life,Amanda Forbis and Wendy Tilby
2011,SHORT FILM (Live Action),Pentecost,Peter McDonald and Eimear O'Kane
2011,SHORT FILM (Live Action),The Shore,Terry George and Oorlagh George
2011,SHORT FILM (Live Action),Time Freak,Andrew Bowler and Gigi Causey
2011,WRITING (Adapted Screenplay),Tinker Tailor Soldier Spy,Screenplay by Bridget O'Connor & Peter Straughan
2011,WRITING (Original Screenplay),Bridesmaids,Written by Annie Mumolo & Kristen Wiig
2012,ANIMATED FEATURE FILM,Brave,Mark Andrews and Brenda Chapman
2012,DOCUMENTARY (Feature),The Gatekeepers,"Dror Moreh, Philippa Kowarsky and Estelle Fialon"
2012,DOCUMENTARY (Feature),The Invisible War,Kirby Dick and Amy Ziering
2012,DOCUMENTARY (Short Subject),Inocente,Sean Fine and Andrea Nix Fine
2012,DOCUMENTARY (Short Subject),Kings Point,Sari Gilman and Jedd Wider
2012,DOCUMENTARY (Short Subject),Mondays at Racine,Cynthia Wade and Robin Honan
2012,DOCUMENTARY (Short Subject),Open Heart,Kief Davidson and Cori Shepherd Stern
2012,MUSIC (Original Song),"""Pi's Lullaby"" from Life of Pi",Music by Mychael Danna; Lyric by Bombay Jayashri
2012,MUSIC (Original Song),"""Skyfall"" from Skyfall",Music and Lyric by Adele Adkins and Paul Epworth
2012,BEST PICTURE,Amour,"Margaret Menegoz, Stefan Arndt, Veit Heiduschka and Michael Katz, Producers"
2012,BEST PICTURE,Django Unchained,"Stacey Sher, Reginald Hudlin and Pilar Savone, Producers"
2012,BEST PICTURE,Les Misérables,"Tim Bevan, Eric Fellner, Debra Hayward and Cameron Mackintosh, Producers"
2012,BEST PICTURE,Lincoln,"Steven Spielberg and Kathleen Kennedy, Producers"
2012,BEST PICTURE,Silver Linings Playbook,"Donna Gigliotti, Bruce Cohen and Jonathan Gordon, Producers"
2012,BEST PICTURE,Zero Dark Thirty,"Mark Boal, Kathryn Bigelow and Megan Ellison, Producers"
2012,SHORT FILM (Animated),Head over Heels,Timothy Reckart and Fodhla Cronin O'Reilly
2012,SHORT FILM (Live Action),Death of a Shadow (Dood van een Schaduw),Tom Van Avermaet and Ellen De Waele
2012,WRITING (Adapted Screenplay),Beasts of the Southern Wild,Screenplay by Lucy Alibar & Benh Zeitlin
2013,ANIMATED FEATURE FILM,The Croods,"Chris Sanders, Kirk DeMicco and Kristine Belson"
2013,ANIMATED FEATURE FILM,Frozen,"Chris Buck, Jennifer Lee and Peter Del Vecho"
2013,DOCUMENTARY (Feature),The Act of Killing,Joshua Oppenheimer and Signe Byrge Sørensen
2013,DOCUMENTARY (Feature),Cutie and the Boxer,Zachary Heinzerling and Lydia Dean Pilcher
2013,DOCUMENTARY (Feature),The Square,Jehane Noujaim and Karim Amer
2013,DOCUMENTARY (Feature),20 Feet from Stardom,"Morgan Neville, Gil Friesen and Caitrin Rogers"
2013,DOCUMENTARY (Short Subject),Karama Has No Walls,Sara Ishaq
2013,MUSIC (Original Song),"""Let It Go"" from Frozen",Music and Lyric by Kristen Anderson-Lopez and Robert Lopez
2013,MUSIC (Original Song),"""The Moon Song"" from Her",Music by Karen O; Lyric by Karen O and Spike Jonze
2013,BEST PICTURE,American Hustle,"Charles Roven, Richard Suckle, Megan Ellison and Jonathan Gordon, Producers"
2013,BEST PICTURE,Dallas Buyers Club,"Robbie Brenner and Rachel Winter, Producers"
2013,BEST PICTURE,Her,"Megan Ellison, Spike Jonze and Vincent Landay, Producers"
2013,BEST PICTURE,Philomena,"Gabrielle Tana, Steve Coogan and Tracey Seaward, Producers"
2013,BEST PICTURE,12 Years a Slave,"Brad Pitt, Dede Gardner, Jeremy Kleiner, Steve McQueen and Anthony Katagas, Producers"
2013,BEST PICTURE,The Wolf of Wall Street,"Martin Scorsese, Leonardo DiCaprio, Joey McFarland and Emma Tillinger Koskoff, Producers"
2013,SHORT FILM (Animated),Get a Horse!,Lauren MacMullan and Dorothy McKim
2013,SHORT FILM (Live Action),Pitääkö Mun Kaikki Hoitaa? (Do I Have to Take Care of Everything?),Selma Vilhunen and Kirsikka Saari
2013,WRITING (Adapted Screenplay),Before Midnight,"Written by Richard Linklater, Julie Delpy, Ethan Hawke"
2013,WRITING (Original Screenplay),Dallas Buyers Club,Written by Craig Borten & Melisa Wallack
2014,ANIMATED FEATURE FILM,How to Train Your Dragon 2,Dean DeBlois and Bonnie Arnold
2014,DOCUMENTARY (Feature),CitizenFour,"Laura Poitras, Mathilde Bonnefoy and Dirk Wilutzky"
2014,DOCUMENTARY (Feature),Last Days in Vietnam,Rory Kennedy and Keven McAlester
2014,DOCUMENTARY (Feature),Virunga,Orlando von Einsiedel and Joanna Natasegara
2014,DOCUMENTARY (Short Subject),Crisis Hotline: Veterans Press 1,Ellen Goosenberg Kent and Dana Perry
2014,DOCUMENTARY (Short Subject),Joanna,Aneta Kopacz
2014,MUSIC (Original Song),"""Grateful"" from Beyond the Lights",Music and Lyric by Diane Warren
2014,MUSIC (Original Song),"""Lost Stars"" from Begin Again",Music and Lyric by Gregg Alexander and Danielle Brisebois
2014,BEST PICTURE,Boyhood,"Richard Linklater and Cathleen Sutherland, Producers"
2014,BEST PICTURE,The Imitation Game,"Nora Grossman, Ido Ostrowsky and Teddy Schwarzman, Producers"
2014,BEST PICTURE,Selma,"Christian Colson, Oprah Winfrey, Dede Gardner and Jeremy Kleiner, Producers"
2014,BEST PICTURE,The Theory of Everything,"Tim Bevan, Eric Fellner, Lisa Bruce and Anthony McCarten, Producers"
2014,BEST PICTURE,Whiplash,"Jason Blum, Helen Estabrook and David Lancaster, Producers"
2014,SHORT FILM (Animated),The Bigger Picture,Daisy Jacobs and Christopher Hees
2014,SHORT FILM (Animated),Feast,Patrick Osborne and Kristina Reed
2014,SHORT FILM (Animated),Me and My Moulton,Torill Kove
2014,SHORT FILM (Live Action),Aya,Oded Binnun and Mihal Brezis
2014,SHORT FILM (Live Action),Parvaneh,Talkhon Hamzavi and Stefan Eichenberger
2015,ANIMATED FEATURE FILM,Anomalisa,"Charlie Kaufman, Duke Johnson and Rosa Tran"
2015,DOCUMENTARY (Feature),The Look of Silence,Joshua Oppenheimer and Signe Byrge Sørensen
2015,DOCUMENTARY (Feature),"What Happened, Miss Simone?","Liz Garbus, Amy Hobby and Justin Wilkes"
2015,DOCUMENTARY (Short Subject),"Chau, beyond the Lines",Courtney Marsh and Jerry Franck
2015,DOCUMENTARY (Short Subject),A Girl in the River: The Price of Forgiveness,Sharmeen Obaid-Chinoy
2015,DOCUMENTARY (Short Subject),Last Day of Freedom,Dee Hibbert-Jones and Nomi Talisman
2015,MUSIC (Original Song),"""Manta Ray"" from Racing Extinction",Music by J. Ralph; Lyric by Anohni
2015,MUSIC (Original Song),"""Til It Happens To You"" from The Hunting Ground",Music and Lyric by Diane Warren and Lady Gaga
2015,BEST PICTURE,The Big Short,"Brad Pitt, Dede Gardner and Jeremy Kleiner, Producers"
2015,BEST PICTURE,Bridge of Spies,"Steven Spielberg, Marc Platt and Kristie Macosko Krieger, Producers"
2015,BEST PICTURE,Brooklyn,"Finola Dwyer and Amanda Posey, Producers"
2015,BEST PICTURE,The Revenant,"Arnon Milchan, Steve Golin, Alejandro G. Iñárritu, Mary Parent and Keith Redmon, Producers"
2015,BEST PICTURE,Spotlight,"Michael Sugar, Steve Golin, Nicole Rocklin and Blye Pagon Faust, Producers"
2015,SHORT FILM (Animated),Prologue,Richard Williams and Imogen Sutton
2015,SHORT FILM (Animated),Sanjay's Super Team,Sanjay Patel and Nicole Grindle
2015,SHORT FILM (Live Action),Stutterer,Benjamin Cleary and Serena Armitage
2015,WRITING (Adapted Screenplay),Carol,Screenplay by Phyllis Nagy
2015,WRITING (Adapted Screenplay),Room,Screenplay by Emma Donoghue
2015,WRITING (Original Screenplay),Inside Out,"Screenplay by Pete Docter, Meg LeFauve, Josh Cooley; Original story by Pete Docter, Ronnie del Carmen"
2015,WRITING (Original Screenplay),Straight Outta Compton,Screenplay by Jonathan Herman and Andrea Berloff; Story by S. Leigh Savidge & Alan Wenkus and Andrea Berloff
2016,ANIMATED FEATURE FILM,Kubo and the Two Strings,Travis Knight and Arianne Sutner
2016,ANIMATED FEATURE FILM,Moana,"John Musker, Ron Clements and Osnat Shurer"
2016,DOCUMENTARY (Feature),Fire at Sea,Gianfranco Rosi and Donatella Palermo
2016,DOCUMENTARY (Feature),"Life, Animated",Roger Ross Williams and Julie Goldman
2016,DOCUMENTARY (Feature),O.J.: Made in America,Ezra Edelman and Caroline Waterlow
2016,DOCUMENTARY (Feature),13th,"Ava DuVernay, Spencer Averick and Howard Barish"
2016,DOCUMENTARY (Short Subject),4.1 Miles,Daphne Matziaraki
2016,DOCUMENTARY (Short Subject),Joe's Violin,Kahane Cooperman and Raphaela Neihausen
2016,DOCUMENTARY (Short Subject),The White Helmets,Orlando von Einsiedel and Joanna Natasegara
2016,MUSIC (Original Score),Jackie,Mica Levi
2016,BEST PICTURE,Hell or High Water,"Carla Hacken and Julie Yorn, Producers"
2016,BEST PICTURE,Hidden Figures,"Donna Gigliotti, Peter Chernin, Jenno Topping, Pharrell Williams and Theodore Melfi, Producers"
2016,BEST PICTURE,Lion,"Emile Sherman, Iain Canning and Angie Fielder, Producers"
2016,BEST PICTURE,Manchester by the Sea,"Matt Damon, Kimberly Steward, Chris Moore, Lauren Beck and Kevin J. Walsh, Producers"
2016,BEST PICTURE,Moonlight,"Adele Romanski, Dede Gardner and Jeremy Kleiner, Producers"
2016,SHORT FILM (Animated),Pear Cider and Cigarettes,Robert Valley and Cara Speller
2016,SHORT FILM (Live Action),Sing,Kristof Deák and Anna Udvardy
2016,WRITING (Adapted Screenplay),Hidden Figures,Screenplay by Allison Schroeder and Theodore Melfi
2017,ANIMATED FEATURE FILM,The Boss Baby,Tom McGrath and Ramsey Naito
2017,ANIMATED FEATURE FILM,The Breadwinner,Nora Twomey and Anthony Leo
2017,ANIMATED FEATURE FILM,Coco,Lee Unkrich and Darla K. Anderson
2017,ANIMATED FEATURE FILM,Ferdinand,Carlos Saldanha and Lori Forte
2017,ANIMATED FEATURE FILM,Loving Vincent,"Dorota Kobiela, Hugh Welchman and Ivan Mactaggart"
2017,DIRECTING,Lady Bird,Greta Gerwig
2017,DOCUMENTARY (Feature),Abacus: Small Enough to Jail,"Steve James, Mark Mitten and Julie Goldman"
2017,DOCUMENTARY (Feature),Faces Places,"Agnès Varda, JR and Rosalie Varda"
2017,DOCUMENTARY (Feature),Strong Island,Yance Ford and Joslyn Barnes
2017,DOCUMENTARY (Short Subject),Edith+Eddie,Laura Checkoway and Thomas Lee Wright
2017,DOCUMENTARY (Short Subject),Heroin(e),Elaine McMillion Sheldon and Kerrin Sheldon
2017,DOCUMENTARY (Short Subject),Traffic Stop,Kate Davis and David Heilbroner
2017,MUSIC (Original Song),"""Mighty River"" from Mudbound","Music and Lyric by Mary J. Blige, Raphael Saadiq and Taura Stinson"
2017,MUSIC (Original Song),"""Remember Me"" from Coco",Music and Lyric by Kristen Anderson-Lopez and Robert Lopez
2017,MUSIC (Original Song),"""Stand Up For Something"" from Marshall",Music by Diane Warren; Lyric by Lonnie R. Lynn and Diane Warren
2017,BEST PICTURE,Call Me by Your Name,"Peter Spears, Luca Guadagnino, Emilie Georges and Marco Morabito, Producers"
2017,BEST PICTURE,Darkest Hour,"Tim Bevan, Eric Fellner, Lisa Bruce, Anthony McCarten and Douglas Urbanski, Producers"
2017,BEST PICTURE,Dunkirk,"Emma Thomas and Christopher Nolan, Producers"
2017,BEST PICTURE,Lady Bird,"Scott Rudin, Eli Bush and Evelyn O'Neill, Producers"
2017,BEST PICTURE,Phantom Thread,"JoAnne Sellar, Paul Thomas Anderson, Megan Ellison and Daniel Lupi, Producers"
2017,BEST PICTURE,The Post,"Amy Pascal, Steven Spielberg and Kristie Macosko Krieger, Producers"
2017,SHORT FILM (Animated),Lou,Dave Mullins and Dana Murray
2017,SHORT FILM (Animated),Negative Space,Max Porter and Ru Kuwahata
2017,SHORT FILM (Live Action),The Silent Child,Chris Overton and Rachel Shenton
2017,SHORT FILM (Live Action),Watu Wote/All of Us,Katja Benrath and Tobias Rosen
2017,WRITING (Adapted Screenplay),Mudbound,Screenplay by Virgil Williams and Dee Rees
2017,WRITING (Original Screenplay),The Big Sick,Written by Emily V. Gordon & Kumail Nanjiani
2017,WRITING (Original Screenplay),Lady Bird,Written by Greta Gerwig
2017,WRITING (Original Screenplay),The Shape of Water,Screenplay by Guillermo del Toro & Vanessa Taylor; Story by Guillermo del Toro
2018,ANIMATED FEATURE FILM,Incredibles 2,"Brad Bird, John Walker and Nicole Paradis Grindle"
2018,DOCUMENTARY (Feature),Free Solo,"Elizabeth Chai Vasarhelyi, Jimmy Chin, Evan Hayes and Shannon Dill"
2018,DOCUMENTARY (Feature),"Hale County This Morning, This Evening","RaMell Ross, Joslyn Barnes and Su Kim"
2018,DOCUMENTARY (Feature),Minding the Gap,Bing Liu and Diane Quon
2018,DOCUMENTARY (Feature),Of Fathers and Sons,"Talal Derki, Ansgar Frerich, Eva Kemme and Tobias N. Siebert"
2018,DOCUMENTARY (Feature),RBG,Betsy West and Julie Cohen
2018,DOCUMENTARY (Short Subject),Period. End of Sentence.,Rayka Zehtabchi and Melissa Berton
2018,MUSIC (Original Song),"""All The Stars"" from Black Panther","Music by Kendrick Lamar, Mark ""Sounwave"" Spears and Anthony ""Top Dawg"" Tiffith; Lyric by Kendrick Lamar, SZA and Anthony ""Top Dawg"" Tiffith"
2018,MUSIC (Original Song),"""I'll Fight"" from RBG",Music and Lyric by Diane Warren
2018,MUSIC (Original Song),"""Shallow"" from A Star Is Born","Music and Lyric by Lady Gaga, Mark Ronson, Anthony Rossomando and Andrew Wyatt"
2018,MUSIC (Original Song),"""When A Cowboy Trades His Spurs For Wings"" from The Ballad of Buster Scruggs",Music and Lyric by Gillian Welch and David Rawlings
2018,BEST PICTURE,The Favourite,"Ceci Dempsey, Ed Guiney, Lee Magiday and Yorgos Lanthimos, Producers"
2018,BEST PICTURE,Roma,"Gabriela Rodríguez and Alfonso Cuarón, Producers"
2018,BEST PICTURE,A Star Is Born,"Bill Gerber, Bradley Cooper and Lynette Howell Taylor, Producers"
2018,BEST PICTURE,Vice,"Dede Gardner, Jeremy Kleiner, Adam McKay and Kevin Messick, Producers"
2018,SHORT FILM (Animated),Animal Behaviour,Alison Snowden and David Fine
2018,SHORT FILM (Animated),Bao,Domee Shi and Becky Neiman-Cobb
2018,SHORT FILM (Animated),Late Afternoon,Louise Bagnall and Nuria González Blanco
2018,SHORT FILM (Live Action),Fauve,Jeremy Comte and Maria Gracia Turgeon
2018,SHORT FILM (Live Action),Marguerite,Marianne Farley and Marie-Hélène Panisset
2018,SHORT FILM (Live Action),Mother,Rodrigo Sorogoyen and María del Puy Alvarado
2018,SHORT FILM (Live Action),Skin,Guy Nattiv and Jaime Ray Newman
2018,WRITING (Adapted Screenplay),Can You Ever Forgive Me?,Screenplay by Nicole Holofcener and Jeff Whitty
2018,WRITING (Original Screenplay),The Favourite,Written by Deborah Davis and Tony McNamara
2019,ANIMATED FEATURE FILM,How to Train Your Dragon: The Hidden World,"Dean DeBlois, Bradford Lewis and Bonnie Arnold"
2019,ANIMATED FEATURE FILM,Klaus,"Sergio Pablos, Jinko Gotoh and Marisa Román"
2019,ANIMATED FEATURE FILM,Missing Link,"Chris Butler, Arianne Sutner and Travis Knight"
2019,DOCUMENTARY (Feature),American Factory,"Steven Bognar, Julia Reichert and Jeff Reichert"
2019,DOCUMENTARY (Feature),The Cave,"Feras Fayyad, Kirstine Barfod and Sigrid Dyekjær"
2019,DOCUMENTARY (Feature),The Edge of Democracy,"Petra Costa, Joanna Natasegara, Shane Boris and Tiago Pavan"
2019,DOCUMENTARY (Feature),For Sama,Waad al-Kateab and Edward Watts
2019,DOCUMENTARY (Feature),Honeyland,"Ljubo Stefanov, Tamara Kotevska and Atanas Georgiev"
2019,DOCUMENTARY (Short Subject),Learning to Skateboard in a Warzone (If You're a Girl),Carol Dysinger and Elena Andreicheva
2019,DOCUMENTARY (Short Subject),Life Overtakes Me,John Haptas and Kristine Samuelson
2019,DOCUMENTARY (Short Subject),St. Louis Superman,Smriti Mundhra and Sami Khan
2019,DOCUMENTARY (Short Subject),Walk Run Cha-Cha,Laura Nix and Colette Sandstedt
2019,MUSIC (Original Score),Joker,Hildur Guðnadóttir
2019,MUSIC (Original Song),"""I'm Standing With You"" from Breakthrough",Music and Lyric by Diane Warren
2019,MUSIC (Original Song),"""Into The Unknown"" from Frozen II",Music and Lyric by Kristen Anderson-Lopez and Robert Lopez
2019,MUSIC (Original Song),"""Stand Up"" from Harriet",Music and Lyric by Joshuah Brian Campbell and Cynthia Erivo
2019,BEST PICTURE,Ford v Ferrari,"Peter Chernin, Jenno Topping and James Mangold, Producers"
2019,BEST PICTURE,The Irishman,"Martin Scorsese, Robert De Niro, Jane Rosenthal and Emma Tillinger Koskoff, Producers"
2019,BEST PICTURE,Jojo Rabbit,"Carthew Neal, Taika Waititi and Chelsea Winstanley, Producers"
2019,BEST PICTURE,Joker,"Todd Phillips, Bradley Cooper and Emma Tillinger Koskoff, Producers"
2019,BEST PICTURE,Little Women,"Amy Pascal, Producer"
2019,BEST PICTURE,1917,"Sam Mendes, Pippa Harris, Jayne-Ann Tenggren and Callum McDougall, Producers"
2019,BEST PICTURE,Once upon a Time...in Hollywood,"David Heyman, Shannon McIntosh and Quentin Tarantino, Producers"
2019,BEST PICTURE,Parasite,"Kwak Sin Ae and Bong Joon Ho, Producers"
2019,SHORT FILM (Animated),Dcera (Daughter),Daria Kashcheeva
2019,SHORT FILM (Animated),Hair Love,Matthew A. Cherry and Karen Rupert Toliver
2019,SHORT FILM (Animated),Kitbull,Rosana Sullivan and Kathryn Hendrickson
2019,SHORT FILM (Animated),Sister,Siqi Song
2019,SHORT FILM (Live Action),Brotherhood,Meryam Joobeur and Maria Gracia Turgeon
2019,SHORT FILM (Live Action),A Sister,Delphine Girard
2019,WRITING (Adapted Screenplay),Little Women,Written for the screen by Greta Gerwig
2019,WRITING (Original Screenplay),1917,Written by Sam Mendes & Krysty Wilson-Cairns
2020,ANIMATED FEATURE FILM,Onward,Dan Scanlon and Kori Rae
2020,ANIMATED FEATURE FILM,Over the Moon,"Glen Keane, Gennie Rim and Peilin Chou"
2020,ANIMATED FEATURE FILM,Soul,Pete Docter and Dana Murray
2020,DIRECTING,Nomadland,Chloé Zhao
2020,DIRECTING,Promising Young Woman,Emerald Fennell
2020,DOCUMENTARY (Feature),Collective,Alexander Nanau and Bianca Oana
2020,DOCUMENTARY (Feature),Crip Camp,"Nicole Newnham, Jim LeBrecht and Sara Bolder"
2020,DOCUMENTARY (Feature),The Mole Agent,Maite Alberdi and Marcela Santibáñez
2020,DOCUMENTARY (Feature),My Octopus Teacher,"Pippa Ehrlich, James Reed and Craig Foster"
2020,DOCUMENTARY (Feature),Time,"Garrett Bradley, Lauren Domino and Kellen Quinn"
2020,DOCUMENTARY (Short Subject),Colette,Anthony Giacchino and Alice Doyard
2020,DOCUMENTARY (Short Subject),Do Not Split,Anders Hammer and Charlotte Cook
2020,DOCUMENTARY (Short Subject),A Love Song for Latasha,Sophia Nahli Allison and Janice Duncan
2020,MUSIC (Original Song),"""Fight For You"" from Judas and the Black Messiah",Music by H.E.R. and Dernst Emile II; Lyric by H.E.R. and Tiara Thomas
2020,MUSIC (Original Song),"""Hear My Voice"" from The Trial of the Chicago 7",Music by Daniel Pemberton; Lyric by Daniel Pemberton and Celeste Waite
2020,MUSIC (Original Song),"""Io Sì (Seen)"" from The Life Ahead (La Vita Davanti a Se)",Music by Diane Warren; Lyric by Diane Warren and Laura Pausini
2020,BEST PICTURE,Mank,"Ceán Chaffin, Eric Roth and Douglas Urbanski, Producers"
2020,BEST PICTURE,Minari,"Christina Oh, Producer"
2020,BEST PICTURE,Nomadland,"Frances McDormand, Peter Spears, Mollye Asher, Dan Janvey and Chloé Zhao, Producers"
2020,BEST PICTURE,Promising Young Woman,"Ben Browning, Ashley Fox, Emerald Fennell and Josey McNamara, Producers"
2020,SHORT FILM (Animated),Burrow,Madeline Sharafian and Michael Capbarat
2020,SHORT FILM (Live Action),Feeling Through,Doug Roland and Susan Ruzenski
2020,SHORT FILM (Live Action),The Letter Room,Elvira Lind and Sofia Sondervan
2020,SHORT FILM (Live Action),The Present,Farah Nabulsi and Ossama Bawardi
2020,SHORT FILM (Live Action),White Eye,Tomer Shushan and Shira Hochman
2020,WRITING (Adapted Screenplay),Borat Subsequent Moviefilm: Delivery of Prodigious Bribe to American Regime for Make Benefit Once Glorious Nation of Kazakhstan,Screenplay by Sacha Baron Cohen & Anthony Hines & Dan Swimer & Peter Baynham & Erica Rivinoja & Dan Mazer & Jena Friedman & Lee Kern; Story by Sacha Baron Cohen & Anthony Hines & Dan Swimer & Nina Pedrad
2020,WRITING (Adapted Screenplay),Nomadland,Written for the screen by Chloé Zhao
2020,WRITING (Original Screenplay),Promising Young Woman,Written by Emerald Fennell
2021,ANIMATED FEATURE FILM,Encanto,"Jared Bush, Byron Howard, Yvett Merino and Clark Spencer"
2021,ANIMATED FEATURE FILM,Flee,"Jonas Poher Rasmussen, Monica Hellström, Signe Byrge Sørensen and Charlotte De La Gournerie"
2021,ANIMATED FEATURE FILM,Luca,Enrico Casarosa and Andrea Warren
2021,ANIMATED FEATURE FILM,Raya and the Last Dragon,"Don Hall, Carlos López Estrada, Osnat Shurer and Peter Del Vecho"
2021,DIRECTING,The Power of the Dog,Jane Campion
2021,DOCUMENTARY (Feature),Ascension,"Jessica Kingdon, Kira Simon-Kennedy and Nathan Truesdell"
2021,DOCUMENTARY (Feature),Attica,Stanley Nelson and Traci A. Curry
2021,DOCUMENTARY (Feature),Flee,"Jonas Poher Rasmussen, Monica Hellström, Signe Byrge Sørensen and Charlotte De La Gournerie"
2021,DOCUMENTARY (Feature),Writing with Fire,Rintu Thomas and Sushmit Ghosh
2021,DOCUMENTARY (Short Subject),Three Songs for Benazir,Elizabeth Mirzaei and Gulistan Mirzaei
2021,MUSIC (Original Score),Encanto,Germaine Franco
2021,MUSIC (Original Song),"""Be Alive"" from King Richard",Music and Lyric by DIXSON and Beyoncé Knowles-Carter
2021,MUSIC (Original Song),"""No Time To Die"" from No Time to Die",Music and Lyric by Billie Eilish and Finneas O'Connell
2021,MUSIC (Original Song),"""Somehow You Do"" from Four Good Days",Music and Lyric by Diane Warren
2021,BEST PICTURE,Belfast,"Laura Berwick, Kenneth Branagh, Becca Kovacik and Tamar Thomas, Producers"
2021,BEST PICTURE,Dune,"Mary Parent, Denis Villeneuve and Cale Boyter, Producers"
2021,BEST PICTURE,Licorice Pizza,"Sara Murphy, Adam Somner and Paul Thomas Anderson, Producers"
2021,BEST PICTURE,The Power of the Dog,"Jane Campion, Tanya Seghatchian, Emile Sherman, Iain Canning and Roger Frappier, Producers"
2021,BEST PICTURE,West Side Story,"Steven Spielberg and Kristie Macosko Krieger, Producers"
2021,SHORT FILM (Animated),Affairs of the Art,Joanna Quinn and Les Mills
2021,SHORT FILM (Live Action),Ala Kachuu - Take and Run,Maria Brendle and Nadine Lüchinger
2021,SHORT FILM (Live Action),Please Hold,K.D. Dávila and Levin Menekse
2021,WRITING (Adapted Screenplay),CODA,Screenplay by Siân Heder
2021,WRITING (Adapted Screenplay),The Lost Daughter,Written by Maggie Gyllenhaal
2021,WRITING (Adapted Screenplay),The Power of the Dog,Written by Jane Campion
2022,ANIMATED FEATURE FILM,Marcel the Shell with Shoes On,"Dean Fleischer Camp, Elisabeth Holm, Andrew Goldman, Caroline Kaplan and Paul Mezey"
2022,ANIMATED FEATURE FILM,Turning Red,Domee Shi and Lindsey Collins
2022,DOCUMENTARY FEATURE FILM,All the Beauty and the Bloodshed,"Laura Poitras, Howard Gertler, John Lyons, Nan Goldin and Yoni Golijov"
2022,DOCUMENTARY FEATURE FILM,Fire of Love,"Sara Dosa, Shane Boris and Ina Fichman"
2022,DOCUMENTARY FEATURE FILM,A House Made of Splinters,Simon Lereng Wilmont and Monica Hellström
2022,DOCUMENTARY FEATURE FILM,Navalny,"Daniel Roher, Odessa Rae, Diane Becker, Melanie Miller and Shane Boris"
2022,DOCUMENTARY SHORT FILM,The Elephant Whisperers,Kartiki Gonsalves and Guneet Monga
2022,DOCUMENTARY SHORT FILM,Haulout,Evgenia Arbugaeva and Maxim Arbugaev
2022,DOCUMENTARY SHORT FILM,The Martha Mitchell Effect,Anne Alvergue and Beth Levison
2022,MUSIC (Original Song),"""Applause"" from Tell It like a Woman",Music and Lyric by Diane Warren
2022,MUSIC (Original Song),"""Hold My Hand"" from Top Gun: Maverick",Music and Lyric by Lady Gaga and BloodPop
2022,MUSIC (Original Song),"""Lift Me Up"" from Black Panther: Wakanda Forever","Music by Tems, Rihanna, Ryan Coogler and Ludwig Goransson; Lyric by Tems and Ryan Coogler"
2022,MUSIC (Original Song),"""This Is A Life"" from Everything Everywhere All at Once","Music by Ryan Lott, David Byrne and Mitski; Lyric by Ryan Lott and David Byrne"
2022,BEST PICTURE,Elvis,"Baz Luhrmann, Catherine Martin, Gail Berman, Patrick McCormick and Schuyler Weiss, Producers"
2022,BEST PICTURE,The Fabelmans,"Kristie Macosko Krieger, Steven Spielberg and Tony Kushner, Producers"
2022,BEST PICTURE,Tár,"Todd Field, Alexandra Milchan and Scott Lambert, Producers"
2022,BEST PICTURE,Women Talking,"Dede Gardner, Jeremy Kleiner and Frances McDormand, Producers"
2022,SHORT FILM (Animated),The Flying Sailor,Amanda Forbis and Wendy Tilby
2022,SHORT FILM (Animated),My Year of Dicks,Sara Gunnarsdóttir and Pamela Ribon
2022,SHORT FILM (Live Action),Ivalu,Anders Walter and Rebecca Pruzan
2022,SHORT FILM (Live Action),Le Pupille,Alice Rohrwacher and Alfonso Cuarón
2022,WRITING (Adapted Screenplay),All Quiet on the Western Front,"Screenplay - Edward Berger, Lesley Paterson & Ian Stokell"
2022,WRITING (Adapted Screenplay),Women Talking,Screenplay by Sarah Polley
